{"cameraMode":{"drawMode":0,"name":"Shaded","section":"Shading Mode"},"sceneLighting":true,"audioPlay":false,"sceneViewState":{"m_AlwaysRefresh":false,"showFog":true,"showSkybox":true,"showFlares":true,"showImageEffects":true,"showParticleSystems":true,"showVisualEffectGraphs":true,"m_FxEnabled":true},"in2DMode":false,"pivot":{"x":0.9787667393684387,"y":1.0454261302947999,"z":-0.9333739280700684},"rotation":{"x":0.03027869574725628,"y":-0.9690044522285461,"z":0.19138766825199128,"w":0.15329335629940034},"size":8.64456558227539,"orthographic":true}